name|10firstname|10phone|10company|10adress
Arden|10John|1005 45 84 38 46|10Lidköping|10O
Tanek|10Avram|1001 49 23 07 22|10Ife|10Osun
Brian|10Xanthus|1004 61 61 41 47|10Knighton|10RA
Drew|10Tyrone|1004 87 63 14 10|10Apartadó|10Antioquia
Colby|10Nehru|1003 38 81 45 77|10Glendale|10AZ
Denton|10Tad|1009 37 28 58 55|10Ponte San Nicolò|10Veneto
Reese|10Emerson|1009 20 72 46 40|10Kaduna|10KD
Kaseem|10Paul|1006 54 41 45 09|10La Roche-sur-Yon|10PA
Cain|10Adrian|1008 49 32 91 00|10Orenburg|10ORE
Marshall|10Jackson|1003 85 07 34 96|10Gold Coast|10Queensland
Holmes|10Lev|1007 93 20 81 40|10Nurdağı|10Gaziantep
Marsden|10Benjamin|1005 45 64 93 78|10Mata de Plátano|10SJ
Preston|10Murphy|1003 83 27 50 48|10Semarang|10JT
Jared|10Daniel|1008 66 70 89 58|10Getafe|10MA
Rooney|10Hunter|1008 13 64 23 95|10Milena|10Sicilia
Victor|10Quinn|1005 76 95 99 95|10Waalwijk|10Noord Brabant
Kevin|10Hoyt|1001 82 35 59 96|10Burlington|10Ontario
Akeem|10Kareem|1003 22 49 68 51|10Salvador|10BA
Vincent|10Ivan|1004 22 25 98 74|10Malgesso|10Lombardia
Cain|10Howard|1004 00 66 14 29|10Çermik|10Diy
Nissim|10Hoyt|1009 80 01 55 74|10Makurdi|10BE
Vernon|10Jackson|1004 95 74 48 85|10Hamburg|10HH
Hu|10Jameson|1001 31 51 70 51|10Tilff|10LU
Kyle|10Stewart|1003 71 30 79 32|10Shipshaw|10Quebec
Cadman|10Ali|1007 67 91 42 56|10Haveli|10AK
Stone|10Berk|1009 10 02 37 56|10Tehuacán|10Pue
Murphy|10Wyatt|1005 26 18 50 07|10Saint-Dié-des-Vosges|10Lorraine
Buckminster|10Berk|1007 08 57 45 65|10Watermaal-Bosvoorde|10Brussels Hoofdstedelijk Gewest
Tyler|10Bernard|1004 18 26 33 17|10Iquitos|10LOR
Ivor|10Griffin|1008 83 12 26 56|10Częstochowa|10SL
Jesse|10Hunter|1004 87 08 73 26|10The Hague|10Z.
Eaton|10Jasper|1009 18 05 41 78|10Bremerhaven|10Bremen
Camden|10Perry|1006 97 41 94 34|10Caloundra|10QLD
Amos|10Porter|1005 75 93 31 19|10Rankweil|10Vorarlberg
Demetrius|10Ian|1008 05 13 30 34|10Orta San Giulio|10PIE
Amal|10Isaac|1001 70 81 81 12|10Warszawa|10Mazowieckie
Abbot|10Grant|1007 52 79 34 88|10Chagai|10BL
Asher|10Orlando|1002 45 91 11 27|10Lac La Biche County|10AB
Steven|10Neville|1002 81 99 13 15|10Rotorua|10NI
Vladimir|10Roth|1003 06 42 77 01|10Berlin|10Berlin
Boris|10Macaulay|1008 29 30 72 61|10Hamburg|10HH
Cooper|10Connor|1006 59 35 78 55|10Pacasmayo|10LAL
Jasper|10Rogan|1007 71 11 63 14|10Wrocław|10DS
Hammett|10Brennan|1005 60 34 16 43|10Kalisz|10WP
Simon|10Channing|1002 65 41 26 08|10Gdańsk|10Pomorskie
Cody|10Zephania|1009 82 27 71 63|10Cassaro|10SIC
Luke|10Ethan|1003 38 17 90 51|10Chungju|10North Chungcheong
Bert|10Zachary|1003 39 65 66 72|10Shivapuri|10Madhya Pradesh
Xander|10Kaseem|1001 29 73 13 16|10Crieff|10Perthshire
Wade|10Macon|1002 86 33 82 31|10Konin|10Wielkopolskie
Raja|10Tucker|1003 69 15 77 23|10Kaluga|10Kaluga Oblast
Damon|10Mufutau|1007 69 99 66 63|10Knoxville|10TN
Upton|10Rashad|1002 59 69 02 54|10Nizhny|10NIZ
Louis|10Melvin|1005 90 55 01 45|10Rothesay|10BU
Damon|10Elmo|1002 64 05 66 91|10Hazaribag|10JH
Kuame|10Quentin|1008 06 39 76 65|10Semarang|10JT
Deacon|10Dylan|1005 41 91 86 04|10Martigues|10PR
Samuel|10Derek|1001 76 44 18 72|10St. Catharines|10Ontario
Chaney|10Byron|1006 13 20 43 04|10Anzegem|10WV
David|10Nasim|1001 56 36 36 86|10Novgorod|10NGR
Orson|10Owen|1004 94 76 51 34|10Sukabumi|10West Java
Nehru|10Dean|1004 79 05 42 09|10Belfast|10Ulster
Flynn|10Len|1006 51 72 81 78|10Stalowa Wola|10PK
Zachary|10Camden|1001 01 38 76 77|10Trollhättan|10O
Wyatt|10Christopher|1002 66 66 84 47|10Palma de Mallorca|10Illes Balears
Hop|10Knox|1002 72 58 60 01|10Independence|10MO
Ira|10Gage|1009 96 12 01 90|10Laurencekirk|10KC
Barry|10Forrest|1005 05 92 70 24|10Murray Bridge|10SA
Jasper|10Clarke|1002 21 87 86 69|10Awaran|10Balochistan
Neville|10Solomon|1006 46 87 89 58|10Seogwipo|10Jej
Keaton|10Sean|1009 20 73 89 17|10Norrköping|10Östergötlands län
Quamar|10Ahmed|1004 23 62 37 06|10Piracicaba|10São Paulo
Carl|10Stephen|1009 35 21 97 41|10Champlain|10QC
Slade|10Clayton|1006 59 66 40 93|10Salamanca|10Gto
Kasimir|10Harper|1002 24 62 91 82|10Hamburg|10HH
Julian|10Keefe|1005 51 51 62 48|10Joliet|10Illinois
Gregory|10Dalton|1007 01 54 71 07|10Colombo|10Paraná
Amir|10Xanthus|1007 26 88 59 66|10Guwahati|10Assam
Addison|10Fletcher|1008 30 83 32 67|10Joinville|10SC
Marsden|10Ryan|1002 61 75 61 29|10Tarma|10Junín
Joseph|10Mohammad|1008 68 31 67 48|10Lambayeque|10Lambayeque
Timon|10Myles|1007 91 71 65 78|10Kozan|10Ada
Brenden|10Edward|1001 66 90 66 11|10Hemel Hempstead|10HR
Plato|10Keane|1006 98 82 27 85|10Manukau|10NI
Erich|10Preston|1006 12 96 14 99|10Indianapolis|10Indiana
Leroy|10Phillip|1007 24 13 80 88|10Wrexham|10Denbighshire
Nolan|10Dustin|1001 95 01 84 52|10Hereford|10HE
Michael|10Axel|1005 78 67 94 73|10Yurimaguas|10Loreto
Amir|10Marsden|1002 47 33 39 03|10Sobral|10Ceará
Connor|10Aristotle|1005 08 60 36 65|10Płock|10Mazowieckie
Malachi|10Michael|1003 05 64 30 88|10Toulon|10PR
Theodore|10Hayden|1002 13 20 36 65|10Sambalpur|10OR
Kenyon|10Lance|1001 70 19 08 81|10Boston|10LI
Joseph|10Finn|1001 86 95 84 95|10Pangnirtung|10Nunavut
Jesse|10Quentin|1005 25 73 65 79|10Sibolga|10SU
Zahir|10Dustin|1005 79 58 13 95|10Barranca|10LIM
Jamal|10Julian|1001 19 41 37 00|10Kozan|10Adana
Giacomo|10Brendan|1006 38 81 38 14|10Otegem|10WV
Kieran|10Castor|1007 23 79 99 93|10San Ramón|10Metropolitana de Santiago
Sean|10Hayes|1008 49 80 14 65|10Oldenzaal|10Ov